name,index
EasySci-RNA_P7-3_01,CGGTAACCAT
EasySci-RNA_P7-3_02,ATAACCTAAG
EasySci-RNA_P7-3_03,GGCTAAGGCG
EasySci-RNA_P7-3_04,TACGTTACGT
EasySci-RNA_P7-3_05,TAGAGAATAA
EasySci-RNA_P7-3_06,TATACTATGC
EasySci-RNA_P7-3_07,TATGCGCATG
EasySci-RNA_P7-3_08,GAATTGGTAC
EasySci-RNA_P7-3_09,TGATCTCGTT
EasySci-RNA_P7-3_10,TTAATCGAGA
EasySci-RNA_P7-3_11,CCGGTCGACG
EasySci-RNA_P7-3_12,AGCTATCAAC
EasySci-RNA_P7-3_13,ACCAACGCTG
EasySci-RNA_P7-3_14,CAATGCCGAT
EasySci-RNA_P7-3_15,TAGGACTACC
EasySci-RNA_P7-3_16,CGCGATGCTA
EasySci-RNA_P7-3_17,GGTTACCAGT
EasySci-RNA_P7-3_18,GGTCAGTAGA
EasySci-RNA_P7-3_19,ATAACTCTTG
EasySci-RNA_P7-3_20,TTCCTAATTG
EasySci-RNA_P7-3_21,GGTTCCGCAA
EasySci-RNA_P7-3_22,TACTTCGGCT
EasySci-RNA_P7-3_23,CGTACGGACC
EasySci-RNA_P7-3_24,CTTGCATGCT
EasySci-RNA_P7-3_25,GCAACGAAGA
EasySci-RNA_P7-3_26,TTCTTCCAAC
EasySci-RNA_P7-3_27,TCCGTATTCC
EasySci-RNA_P7-3_28,TACCGTCGGT
EasySci-RNA_P7-3_29,AATCAAGTAT
EasySci-RNA_P7-3_30,GGCGAACGAC
EasySci-RNA_P7-3_31,TGCAATCATT
EasySci-RNA_P7-3_32,CTGCTAATGG
EasySci-RNA_P7-3_33,CATTAGTCAG
EasySci-RNA_P7-3_34,GTCCGTAAGG
EasySci-RNA_P7-3_35,TAGTTATGCG
EasySci-RNA_P7-3_36,TCCTCCGGTT
EasySci-RNA_P7-3_37,CCGCTGCATT
EasySci-RNA_P7-3_38,TTGCCGACTG
EasySci-RNA_P7-3_39,TGGATTCTAT
EasySci-RNA_P7-3_40,ATATCTGAGA
EasySci-RNA_P7-3_41,AATACTTCGT
EasySci-RNA_P7-3_42,TGATAAGTCT
EasySci-RNA_P7-3_43,TACGGCGCGA
EasySci-RNA_P7-3_44,TCTTCAAGCT
EasySci-RNA_P7-3_45,GTAGCTACCG
EasySci-RNA_P7-3_46,CGCATGCCGC
EasySci-RNA_P7-3_47,AGCCAGTCTT
EasySci-RNA_P7-3_48,TAAGAATGCG
EasySci-RNA_P7-3_49,GGAGACGGTA
EasySci-RNA_P7-3_50,ATACTATATT
EasySci-RNA_P7-3_51,ATCTTATGAT
EasySci-RNA_P7-3_52,GGATATTGAT
EasySci-RNA_P7-3_53,GTTGGTAATA
EasySci-RNA_P7-3_54,TGGTCTTCTC
EasySci-RNA_P7-3_55,GAGAGCGCCA
EasySci-RNA_P7-3_56,TTATCGTCGC
EasySci-RNA_P7-3_57,TCGCGACGTT
EasySci-RNA_P7-3_58,GAAGCTTCAT
EasySci-RNA_P7-3_59,ACTCTATGGC
EasySci-RNA_P7-3_60,TTCTCAGTCA
EasySci-RNA_P7-3_61,TTCGGAGCCG
EasySci-RNA_P7-3_62,CAATTGGCTG
EasySci-RNA_P7-3_63,AACTGGTCGC
EasySci-RNA_P7-3_64,CGTCGTTAGG
EasySci-RNA_P7-3_65,GATTGCGAAG
EasySci-RNA_P7-3_66,AACGGAGTCA
EasySci-RNA_P7-3_67,AGCGACTATC
EasySci-RNA_P7-3_68,TTAGTACCTT
EasySci-RNA_P7-3_69,CCTCATGCAA
EasySci-RNA_P7-3_70,TATATAATAC
EasySci-RNA_P7-3_71,AGCCAAGAAT
EasySci-RNA_P7-3_72,CCAAGATGCA
EasySci-RNA_P7-3_73,TTGAGCCAAC
EasySci-RNA_P7-3_74,TAATGATATT
EasySci-RNA_P7-3_75,GACTTAGTTA
EasySci-RNA_P7-3_76,TTGGTTATTG
EasySci-RNA_P7-3_77,TGCAGTATAA
EasySci-RNA_P7-3_78,GCTCTGCTCA
EasySci-RNA_P7-3_79,TTGGCTTGCA
EasySci-RNA_P7-3_80,TCGTTCTCCA
EasySci-RNA_P7-3_81,TGAATCCGAT
EasySci-RNA_P7-3_82,TCGGTCTAGT
EasySci-RNA_P7-3_83,AAGCATCTCG
EasySci-RNA_P7-3_84,ATTAATAGAA
EasySci-RNA_P7-3_85,TGGACTAATT
EasySci-RNA_P7-3_86,GGCTTGGAGC
EasySci-RNA_P7-3_87,TTAGGAAGAG
EasySci-RNA_P7-3_88,GTTAACGCGG
EasySci-RNA_P7-3_89,CTATTCCGTC
EasySci-RNA_P7-3_90,CAACTCTGAG
EasySci-RNA_P7-3_91,TCATACGTCC
EasySci-RNA_P7-3_92,GACTCATCTT
EasySci-RNA_P7-3_93,GGTAGCGCAT
EasySci-RNA_P7-3_94,TTAGGCGTCC
EasySci-RNA_P7-3_95,GGTCTAACTG
EasySci-RNA_P7-3_96,ATTGAGACGG