ligation_barcode,ligation_barcode_well
TGAGCCGCGG,A1
ACGAGGAGCC,A2
CTTGCGTAAC,A3
GGTACCGGCT,A4
AGATAGAGGT,A5
GTAGTAGTCC,A6
TCGATGATAC,A7
ATAATCGCGG,A8
GTACCTGAAT,A9
CCAATTCCAT,A10
ACGCTTCGTC,A11
CTACTGCAAG,A12
CATTACCAAG,B1
GGTCGACTTG,B2
CAATTCGTTA,B3
TTGGTTCTCA,B4
CTCAGAATAA,B5
ACCATAATAA,B6
TGGCTCATAT,B7
GTACTGGTTG,B8
TAGTCGGATG,B9
CAGCCATGAT,B10
GAACTTGCGG,B11
CAATGAGAAG,B12
TCTCCTCCTG,C1
CGCCGATATC,C2
AGAGGACTGG,C3
CCGAACTATG,C4
CTGCATTACG,C5
ATCCGAACGG,C6
GGACTTATGG,C7
TCTCATTGCC,C8
GGCATAACCG,C9
AGGCCGGCCA,C10
TATTGCAGCT,C11
TGCATGGCCA,C12
CGGAGCGTCA,D1
GGCAGCAGTT,D2
GCATCGCGCA,D3
CAATCTCAAT,D4
AATATATCAA,D5
ATTCCTACCG,D6
CTGCGCTGGT,D7
AGCTCATTCG,D8
TACTCGAACT,D9
CAGCGTCCAA,D10
CCTAGTCTAT,D11
GCTTACTATA,D12
TTAACGACCG,E1
GATCCGCCAT,E2
CTGATCAGAG,E3
CGGACTGGCC,E4
ATATCTTCCG,E5
TCATCAGCCA,E6
GGCAACCTTC,E7
ATCCTTCAAC,E8
TTACGAATGG,E9
TTCTGGCGCA,E10
GAATTATTCG,E11
AAGGCGTCGC,E12
AATCGTTGAT,F1
AATTCAGAAC,F2
TGAGGTTAGC,F3
CAGTTGCTTG,F4
CGGCCGCTCC,F5
GTCGTACGCG,F6
GGCGCCATCG,F7
ATGAATACCA,F8
TTGCCTTATC,F9
CTCGACCGGC,F10
AGATGGCGCA,F11
CGGAAGACTT,F12
GCTTGAGTCT,G1
CGTCGCCTGC,G2
GAAGAGTATT,G3
GGTTAGTTGG,G4
ATTGAGGATA,G5
ACGCGACGGC,G6
GAAGCAGCGG,G7
GATTCGGTCA,G8
CTCTGGAGAC,G9
GACTAGCATT,G10
GCAGGTCGTC,G11
GGCTGGCTCT,G12
TGCGGCCTGG,H1
TCCATACCTG,H2
GCAACTCCGG,H3
CAATAATTAA,H4
GCAGCTGATT,H5
AAGTCAACGG,H6
TGATCCTGGC,H7
TGCGCCGAAG,H8
GAATGCCTTG,H9
TTCCATTCTT,H10
CCTTCATCCG,H11
GCCGACGATA,H12